0,0,0,0,0,0,0,0,0,0,0,0,0,0,0,0,0,0,0,0,0,0,0,0,0,0,0,0,0,0,0,0,0,0,0,0,0,0,0,0,0,0,0,0,0,0,0,0,0,0,0,0,0,0,0,0,0,0,0,0,0,0,0,0
0,0,0,0,0,0,0,0,0,0,0,0,0,0,0,0,0,0,0,0,0,0,0,0,-39.3637,0,-48.0729,0,0,-15.2405,0,0,0,0,0,-42.8225,0,0,-33.6349,0,0,0,0,0,0,0,0,0,0,0,-35.1341,0,0,-36.8022,0,0,-50.5852,0,0,0,0,0,-44.5978,0
0,0,0,0,0,0,0,0,0,0,0,0,0,0,0,0,0,0,0,0,0,0,0,0,-40.0942,0,-47.1083,0,0,-15.2989,0,0,0,0,0,-44.1487,0,0,-33.907,0,0,0,0,0,0,0,0,0,0,0,-34.6942,0,0,-37.8056,0,0,-49.4515,0,0,0,0,0,-45.59,0
0,0,0,0,0,0,0,0,0,0,0,0,0,0,0,0,0,0,0,0,0,0,0,0,-40.8252,0,-46.1426,0,0,0,0,0,0,-22.6243,0,-45.4687,0,0,-34.1834,0,0,0,0,0,0,0,0,0,0,0,-34.2485,0,0,-38.7757,0,0,-48.3196,0,0,0,0,0,-46.5776,0
0,0,0,0,0,0,0,0,0,0,0,0,0,0,0,0,0,0,0,0,0,0,0,0,-41.5581,0,-45.1741,0,0,0,0,0,0,-23.0385,0,-46.7724,0,0,-34.4718,0,0,0,0,0,0,0,0,0,0,0,-33.788,0,0,-39.6476,0,0,-47.1928,0,0,0,0,0,-47.5523,0
0,0,0,0,0,0,0,0,0,0,0,0,0,0,0,0,0,0,0,0,0,0,0,0,-42.281,0,-44.2003,0,0,0,0,0,0,-23.4513,0,-48.0718,0,0,-34.7614,0,0,0,0,0,0,0,0,0,0,0,-33.3314,0,0,-40.4815,0,0,-46.0598,0,0,0,0,0,-48.5286,0
0,0,0,0,0,0,0,0,0,0,0,0,0,0,0,0,0,0,0,0,0,0,0,0,-42.9892,0,-43.2189,0,0,0,0,0,0,-23.8621,0,-49.3647,0,0,-35.053,0,0,0,0,0,0,0,0,0,0,0,0,0,0,-41.2582,0,0,-44.9182,0,0,0,0,0,-49.5071,0
0,0,0,0,-32.1315,0,0,0,0,0,0,0,0,0,0,0,0,0,0,0,0,0,0,0,-43.6898,0,-42.2336,0,0,0,0,0,0,-24.2683,0,-50.6246,0,0,-35.3497,0,0,0,0,0,0,0,0,0,0,0,0,0,0,-41.4968,0,0,-43.7737,0,0,0,0,0,-50.4954,0
0,0,0,0,-31.6997,0,0,0,0,0,0,0,0,0,0,-22.3643,0,0,0,0,0,0,0,0,-44.3838,0,-41.245,0,0,0,0,0,0,-24.6709,0,-51.8566,0,0,-35.6511,0,0,0,0,0,0,0,0,0,0,0,0,0,0,-41.2834,0,0,-42.6272,0,0,0,0,0,-51.4916,0
0,0,0,0,-31.2819,0,0,0,-21.9878,0,0,0,0,0,0,-22.7648,0,0,0,0,0,0,0,0,-45.0838,0,-40.2605,0,0,0,0,0,0,-25.077,0,-53.0968,0,0,-35.9372,0,0,0,0,0,0,0,0,0,0,0,0,0,0,-40.621,0,0,-41.4766,0,0,0,0,0,-52.5121,0
0,0,0,0,-30.8754,0,0,0,-22.39,0,0,0,0,0,0,-23.1646,0,0,0,0,0,0,0,0,-45.7889,0,-39.2794,0,0,0,0,0,0,-25.486,0,-54.344,0,0,-36.2115,0,0,0,0,0,0,0,0,0,0,0,0,0,0,-39.5716,0,0,-40.3226,0,0,0,0,0,-53.5519,0
0,0,0,0,-30.4692,0,0,0,-22.7923,0,0,0,0,0,0,-23.5643,0,0,0,0,0,0,0,0,-46.4941,0,-38.2981,0,0,0,0,0,0,-25.9082,0,-55.5912,0,0,-36.4856,0,0,0,0,0,0,0,0,0,0,0,0,0,0,-38.5222,0,0,-39.1687,0,0,0,0,0,-54.5917,0
0,0,0,0,-30.0732,-21.6279,0,0,-23.2039,0,0,0,0,0,0,-23.9601,0,0,0,0,0,0,0,0,-47.2117,0,-37.3011,0,0,0,0,0,0,-26.8822,0,-56.8452,0,0,-36.7558,0,0,0,0,0,0,0,0,0,0,0,0,0,0,-37.4729,0,0,-38.0189,0,0,0,0,0,0,0
0,0,0,0,-29.6764,-22.1267,0,0,-23.6143,0,0,0,0,0,0,-24.3551,0,0,0,0,0,0,0,0,-47.9304,0,-36.3409,0,0,0,0,0,0,-27.8781,0,0,0,0,-37.026,0,0,0,0,0,-22.2502,0,0,0,0,0,0,0,0,-36.419,0,0,-36.8843,0,0,0,0,0,0,0
0,0,0,0,-29.2762,-22.8425,0,0,-24.0173,0,0,0,0,0,0,-24.7456,0,0,0,0,0,0,0,0,-48.6566,0,-35.59,0,0,0,0,0,0,-28.9936,0,0,0,0,-37.2967,0,0,0,0,0,-22.5334,0,0,0,0,0,0,0,0,-35.3362,0,0,-35.8329,0,0,0,0,0,0,0
0,0,0,0,-28.8767,-23.5733,0,0,-24.4564,0,0,0,0,0,0,-25.1419,0,0,0,0,0,0,0,0,-49.3826,0,-34.8678,0,0,0,0,0,0,-30.0985,0,0,0,0,-37.5674,0,0,0,0,0,-22.8364,0,0,0,0,0,0,0,0,-34.2608,0,0,-34.822,0,0,0,0,0,0,0
0,0,0,0,-28.482,-24.4124,0,0,-25.1705,0,0,0,0,0,0,-25.5837,0,0,0,0,0,0,0,0,-50.1077,0,-34.3744,0,0,0,0,0,-19.767,-31.1277,0,0,0,0,-37.8387,0,0,0,0,0,-23.3082,0,0,0,0,0,0,0,0,-33.251,0,0,-34.1195,0,0,0,0,0,0,0
0,0,0,0,-28.0872,-25.2771,0,0,-25.9341,0,0,0,0,0,0,-26.1083,0,0,0,0,0,0,0,0,-50.8319,0,-33.8814,0,0,0,0,0,-20.2171,-32.1504,0,0,0,0,-38.0433,0,0,0,0,0,-23.7791,0,0,0,0,0,0,0,0,-32.3088,0,0,-33.4186,0,0,0,0,0,0,0
0,0,0,0,-27.6912,-26.2859,0,0,-26.9861,0,0,0,0,0,0,-27.1312,0,0,0,0,0,0,0,0,-51.5514,0,-33.3903,0,0,0,0,0,-20.6778,-33.1365,0,0,0,0,-37.9112,0,0,0,0,0,-24.2441,0,0,0,0,0,0,0,0,-31.7742,0,0,-32.7266,0,0,0,0,0,0,0
0,0,0,0,-27.2945,-27.3185,0,0,-28.039,0,0,0,0,0,0,-28.1578,0,0,0,0,0,0,0,0,-52.2706,0,0,0,0,0,0,0,-21.1514,-34.1262,0,0,0,0,-37.7435,0,0,0,0,0,-24.7985,0,0,0,0,0,0,0,0,-31.2333,0,0,-32.0798,0,0,0,0,0,0,0
0,0,0,0,-26.8949,-28.4361,0,0,-29.0947,0,0,0,0,0,0,-29.1978,0,0,0,0,0,0,0,0,-52.9883,0,0,0,0,0,0,0,-21.6722,-35.1288,0,0,0,0,-37.4329,0,0,0,0,0,-25.6893,0,0,0,0,0,0,0,0,-30.6683,0,0,0,0,0,0,0,0,0,0
0,0,0,0,-26.4956,-29.5532,0,0,-30.1482,0,0,0,0,0,0,-30.2386,0,0,0,0,0,0,0,0,-53.7054,0,0,0,0,0,0,0,-22.197,-36.1354,0,0,0,0,-37.1163,0,0,0,0,0,-26.6198,0,0,0,0,0,0,0,0,-30.0959,0,0,0,0,0,0,0,0,0,0
0,0,0,0,-26.0974,-30.6692,0,0,-31.1959,0,0,0,0,0,0,-31.2817,0,0,0,0,0,0,0,0,-54.4206,0,0,0,0,0,0,0,-22.7323,-37.1518,0,0,0,0,-36.7857,0,0,0,0,0,-27.6587,0,0,0,0,0,0,0,0,0,0,0,0,0,0,0,0,0,0,0
0,0,0,0,-25.6849,-31.7639,0,0,-32.2438,0,0,0,0,0,0,-32.3229,0,0,0,0,0,0,0,0,-55.1375,0,0,0,0,0,0,0,-23.2647,-38.1815,0,0,0,0,-36.4471,0,0,0,0,0,-28.7026,0,0,0,0,0,0,0,0,0,0,0,0,0,0,0,0,0,0,0
0,0,0,0,-25.2589,-32.8357,0,0,-33.2919,0,0,0,0,0,0,-33.3623,0,0,0,0,0,0,0,0,-55.8563,0,0,0,0,0,-20.5281,0,-23.794,-39.2252,0,0,0,0,-36.1004,0,0,0,0,0,-29.7514,0,0,0,0,0,0,0,0,0,0,0,0,0,0,0,0,0,0,0
0,0,0,0,-24.818,-33.892,0,0,-34.3331,0,0,0,0,0,0,-34.3949,0,0,0,0,0,0,0,0,-56.5723,0,0,0,0,0,-21.0422,0,-24.3278,-40.2761,0,0,0,0,-35.753,0,0,0,0,0,-30.8226,0,0,0,0,0,0,0,0,0,0,0,0,0,0,0,0,0,0,0
0,0,0,0,-24.3702,-34.9411,0,0,-35.3711,0,0,0,0,0,0,-35.4243,0,0,0,0,0,0,0,0,0,0,0,0,0,0,-21.6168,0,-24.8637,-41.3309,0,0,0,0,-35.4054,0,0,0,0,0,-31.9049,0,0,0,0,0,0,0,0,0,0,0,0,0,0,0,0,0,0,0
0,0,0,0,-23.92,-35.9909,0,0,-36.4083,0,0,0,0,0,0,-36.4568,0,0,0,0,0,0,0,0,0,0,0,0,0,0,-22.1582,0,-25.444,-42.3596,0,0,0,0,-35.0572,0,0,0,0,0,-33.0008,0,0,0,0,0,0,0,0,0,0,0,0,0,0,0,0,0,0,0
0,0,0,0,-23.4682,-37.0412,0,0,-37.4448,0,0,0,0,0,0,-37.4916,0,0,0,0,0,0,0,0,0,0,0,0,0,0,-22.6739,0,-26.0564,-43.3671,0,0,0,0,-34.7084,0,0,0,0,0,-34.108,0,0,0,0,0,0,0,0,0,0,0,0,0,0,0,0,0,0,0
0,0,0,0,-23.0183,-38.0948,0,0,-38.4921,0,0,0,0,0,0,-38.5125,0,0,0,0,0,0,0,0,0,0,0,0,0,0,-23.2694,0,-26.6633,-44.3618,0,0,0,0,-34.3595,0,0,0,0,0,-35.193,0,0,0,0,0,0,0,0,0,0,0,0,0,0,0,0,0,0,0
0,0,0,0,-22.5694,-39.1499,0,0,-39.5452,0,0,0,0,0,0,-39.5258,0,0,0,0,0,0,0,0,0,0,0,0,0,0,-23.9118,0,-27.2671,-45.3495,0,0,0,0,-34.0106,0,0,0,0,0,-36.2653,0,0,0,0,0,0,0,0,0,0,0,0,0,0,0,0,0,0,0
0,0,0,0,-22.1249,-40.2043,0,0,-40.6002,0,0,0,0,0,0,-40.5354,0,0,0,0,0,0,0,0,0,0,0,0,0,0,-24.6555,0,-27.8697,-46.3433,0,0,0,0,-33.663,0,0,0,0,0,-37.3295,0,0,0,0,0,0,0,0,0,0,0,0,0,0,0,0,0,0,0
0,0,0,0,-21.6931,-41.2565,0,0,-41.6606,0,0,0,-22.0221,0,0,-41.5376,0,0,0,0,0,0,0,0,0,0,0,0,0,0,-25.7329,0,-28.4684,-47.352,0,0,0,0,-33.3201,0,0,0,0,0,-38.3675,0,0,0,0,0,0,0,0,0,0,0,0,0,0,0,0,0,0,0
0,0,0,0,-21.2589,-42.3095,0,0,-42.7158,0,0,0,-22.4707,0,0,-42.5398,0,0,0,0,0,0,0,0,0,0,0,0,0,0,-26.8251,0,-29.065,-48.3706,0,0,0,0,0,0,0,0,0,0,-39.4191,0,0,0,0,0,0,0,0,0,0,0,0,0,0,0,0,0,0,0
0,0,0,0,-20.8185,-43.365,0,0,-43.7614,0,0,0,-22.9592,0,0,-43.5416,0,0,0,0,0,0,0,0,0,0,0,0,0,0,-27.9585,0,-29.656,-49.4179,0,0,0,0,0,0,0,0,0,0,-40.5076,0,0,0,0,0,0,0,0,0,0,0,0,0,0,0,0,0,0,0
0,0,0,0,-20.3752,-44.4148,0,0,-44.8084,0,0,0,-23.4689,0,0,-44.5472,0,0,0,0,0,0,0,0,0,0,0,0,0,0,-29.0784,0,-30.2426,-50.4675,0,0,0,0,0,0,0,0,0,0,-41.592,0,0,0,0,0,0,0,0,0,0,0,0,0,0,0,0,0,0,0
0,0,0,0,-19.9254,-45.4525,0,0,-45.8576,0,0,0,-24.0218,0,0,-45.5598,0,0,0,0,0,0,0,0,0,0,0,0,0,0,-30.1713,0,-30.8194,-51.5219,0,0,0,0,0,0,0,0,0,0,-42.6683,0,0,0,0,0,0,0,0,0,0,0,0,0,0,0,0,0,0,-19.9557
0,0,0,0,-19.4789,-46.4903,0,0,-46.9139,0,0,0,-24.5696,0,0,-46.5738,0,0,0,0,0,0,0,0,0,0,0,0,0,0,-31.2601,0,-31.3958,-52.5809,0,0,0,0,0,0,0,0,0,0,-43.7413,0,0,0,0,0,0,0,0,0,0,0,0,0,0,0,0,0,0,-20.4658
0,0,0,0,-19.0363,-47.5281,0,0,-47.977,0,0,0,-25.1122,0,0,-47.5891,0,0,0,0,0,0,0,0,0,0,0,0,0,0,-32.3435,0,-31.9717,-53.6457,0,0,0,0,0,0,0,0,0,0,-44.8101,0,0,0,0,0,0,0,0,0,0,0,0,0,0,0,0,0,0,-21.0699
0,0,0,0,-18.6194,-48.5668,0,0,-49.0322,0,0,0,-25.6799,0,0,-48.6039,0,0,0,0,0,0,0,-23.1843,0,0,0,0,0,0,-33.4248,0,-32.5484,-54.7147,0,0,0,0,0,0,0,0,0,0,-45.888,0,0,0,0,0,0,0,0,0,0,0,0,0,0,0,0,0,0,-21.8346
0,0,0,0,-18.2142,-49.6062,0,0,-50.0875,0,0,0,-26.2701,0,0,-49.6186,0,0,0,0,0,0,0,-23.5781,0,0,0,0,0,0,-34.5043,0,-33.1255,-55.7856,0,0,0,0,0,0,0,0,0,0,-46.9737,0,0,0,0,0,0,0,0,0,0,0,0,0,0,0,0,0,0,-22.7366
0,0,0,0,-17.8098,-50.646,0,0,-51.1433,0,0,0,-26.8615,0,0,-50.6337,0,0,0,0,0,0,0,-23.9718,0,0,0,0,0,0,-35.5838,0,-33.7029,-56.8564,0,0,0,0,0,0,0,0,0,0,-48.0591,0,0,0,0,0,0,0,0,0,0,0,0,0,0,0,0,0,0,-23.6593
0,0,0,0,-17.4224,-51.6914,0,0,-52.2111,0,0,0,-27.4725,0,0,-51.6527,0,0,0,0,0,0,0,-24.3645,0,0,0,0,0,0,-36.6639,0,-34.2879,0,0,0,0,0,0,0,0,0,0,0,-49.1392,0,0,0,0,0,0,0,0,0,0,0,0,0,0,0,0,0,0,-25.0505
0,0,0,0,-17.0354,-52.7572,0,0,-53.278,0,0,0,-28.0775,0,0,-52.6815,0,0,0,0,0,0,0,-24.7595,0,0,0,0,0,0,-37.7473,0,-34.8728,0,0,0,0,0,0,0,0,0,0,0,-50.2228,0,0,0,0,0,0,0,0,0,0,0,0,0,0,0,0,0,0,-26.4392
0,0,0,0,-16.6497,-53.8965,0,0,-54.3446,0,0,0,-28.6617,0,0,-53.7127,0,0,0,0,0,0,0,-25.1551,0,0,0,0,0,0,-38.8417,0,-35.4579,0,0,0,0,0,0,0,0,0,0,0,-51.3181,0,0,0,0,0,0,0,0,0,0,0,0,0,0,0,0,0,0,-27.8184
0,0,0,0,-16.2634,-55.0411,0,0,-55.4166,0,0,0,-29.251,0,0,0,0,0,0,0,0,0,0,-25.8441,0,0,0,0,0,0,-39.9399,0,-36.0429,0,0,0,0,0,0,0,0,0,0,0,-52.4034,0,0,0,0,0,0,0,0,0,0,0,0,0,0,0,0,0,0,-29.1937
0,0,0,0,-15.8754,-56.2044,0,-59.5104,-56.489,0,0,0,-29.8577,0,0,0,0,0,0,0,0,0,0,-26.5622,0,0,0,0,0,0,-41.0505,0,0,0,0,0,0,0,0,0,0,0,0,-59.1826,-53.4884,0,0,0,0,0,0,0,0,0,0,0,0,0,0,0,0,0,0,-30.5551
0,0,0,0,-15.4831,-57.3703,0,-58.5243,0,0,0,0,-30.4606,0,0,0,0,0,0,0,0,0,0,-27.2981,0,0,0,0,0,0,-42.1534,0,0,0,0,0,0,0,0,0,0,0,0,-58.2575,-54.5738,0,0,0,0,0,0,0,0,0,0,0,0,0,0,0,0,0,0,-31.917
0,0,0,0,-15.0781,0,0,-57.5052,0,0,0,0,-31.0449,0,0,0,0,0,0,0,0,0,0,-28.1217,0,0,0,0,0,0,-43.2174,0,0,0,0,0,0,0,0,0,0,0,0,-57.3223,0,0,0,0,0,0,0,0,0,0,0,0,0,0,0,0,0,0,0,-33.2801
0,0,0,0,-14.6717,0,0,-56.4747,0,0,0,0,-31.6291,0,0,0,-59.5377,0,0,0,0,0,0,-28.9502,0,0,0,0,0,0,-44.2868,0,0,0,0,0,0,0,0,0,0,0,0,-56.3889,0,0,0,0,0,0,0,0,0,0,0,0,0,0,0,0,0,0,0,-34.6404
0,0,0,0,-14.2602,0,0,-55.3996,0,0,0,0,-32.2127,0,0,0,-58.3449,0,0,0,0,0,0,-29.7984,0,0,0,0,0,0,-45.3738,0,0,0,0,0,0,0,0,0,0,0,0,-55.4619,0,0,0,0,0,0,0,0,0,0,0,0,0,0,0,0,0,-23.3799,0,-35.9904
0,0,0,0,-13.8501,0,0,-54.3436,0,0,0,0,-32.7946,0,0,0,-57.1543,0,0,0,0,0,0,-30.6547,0,0,0,0,0,0,-46.4732,0,0,0,0,0,0,0,0,0,0,0,0,-54.5437,0,0,0,0,0,0,0,0,0,0,0,0,0,0,0,0,0,-23.6959,0,-37.3394
0,0,0,0,0,0,0,-53.3096,0,0,0,0,-33.3744,0,0,0,-55.9662,0,0,0,0,0,0,-31.5212,0,0,0,0,0,0,-47.5865,0,0,0,0,0,0,0,0,0,0,0,0,-53.6365,0,0,0,0,0,0,0,0,0,0,0,0,0,0,0,0,0,-24.0119,0,-38.6871
0,0,0,0,0,0,0,-52.3115,0,0,0,0,-33.9837,0,0,0,-54.7556,0,0,0,0,0,0,-32.4477,0,0,0,0,0,0,-48.7049,0,0,0,0,0,0,0,0,0,0,0,0,-52.7256,0,0,0,0,0,0,0,0,0,0,0,0,0,0,0,0,0,-24.327,0,-40.0792
0,0,0,0,0,0,0,-51.3374,0,0,0,0,-34.6131,0,0,0,-53.5301,0,0,0,0,0,0,-33.4141,0,0,0,0,0,0,-49.8266,0,0,0,0,0,0,0,0,0,0,0,0,-51.812,0,0,0,0,0,0,0,0,0,0,0,0,0,0,0,0,0,-24.6416,0,-41.501
0,0,0,0,0,0,0,-50.3758,0,0,0,0,-35.2441,0,0,0,-52.3508,0,0,0,0,0,0,-34.3953,0,0,0,0,0,0,-50.9475,0,0,0,0,0,0,0,0,0,0,0,0,-50.882,0,0,0,0,0,0,0,0,0,0,0,0,0,0,0,0,0,-24.9714,0,-42.9422
0,0,0,0,0,0,0,-49.4186,0,0,0,0,-35.8757,0,0,0,-51.1879,0,0,0,0,0,0,-35.3826,0,0,0,0,0,0,-52.0683,0,0,0,0,0,0,0,0,0,0,0,0,-49.9452,0,0,0,0,0,0,0,0,0,0,0,0,0,0,0,0,0,-25.3069,0,-44.3911
0,0,0,0,0,0,0,-48.4574,0,0,0,0,-36.5045,0,0,0,-50.0245,0,0,0,0,0,0,-36.3715,0,0,0,0,-20.6583,0,-53.1901,0,0,0,0,0,0,0,0,0,0,-59.2347,0,-49.0074,0,0,0,0,0,0,0,0,0,0,0,0,0,0,0,0,0,-25.6552,0,-45.8402
0,0,0,0,0,0,0,-47.47,0,0,0,0,-37.1215,0,0,0,-48.8574,-59.2256,0,0,0,0,0,-37.3735,0,0,0,0,-21.1143,0,-54.3192,0,0,0,0,0,0,0,0,0,0,-58.2452,0,-48.0612,0,0,0,0,0,0,0,0,0,0,0,0,0,0,0,0,0,-26.0883,0,-47.2922
0,0,0,0,0,0,0,-46.4607,0,0,0,0,-37.7267,0,0,0,-47.6906,-58.3637,0,0,0,0,0,-38.3734,0,0,0,0,-21.5734,0,-55.4476,0,0,0,0,0,0,0,0,0,0,-57.2726,0,-47.1104,0,0,0,0,0,0,0,0,0,0,0,0,0,0,0,0,0,-26.5736,0,-48.7497
0,0,0,0,0,0,0,-45.4079,0,0,0,0,-38.3078,0,0,0,-46.5247,-57.4862,0,0,0,0,0,-39.3691,0,0,0,0,-22.0379,0,0,0,0,0,0,0,0,0,0,0,0,-56.3345,0,-46.1502,0,0,0,0,0,0,0,0,0,0,0,0,0,0,0,0,0,-27.1639,0,-50.2194
0,0,0,0,0,0,0,-44.3638,0,0,0,0,-38.8835,0,0,0,-45.3481,-56.5916,0,0,0,0,0,-40.3694,0,0,0,0,-22.5045,0,0,0,0,0,0,0,0,0,0,0,0,-55.3917,0,-45.1871,0,0,0,0,0,0,0,0,0,0,0,0,0,0,0,0,0,-27.8649,0,-51.6888
0,0,0,0,0,0,0,-43.3247,0,0,0,0,-39.4555,0,0,0,-44.1645,-55.6852,0,0,0,0,0,-41.3726,0,0,0,0,-22.9726,0,0,0,0,0,0,0,0,0,0,0,0,-54.4457,0,-44.2222,0,0,0,0,0,0,0,0,0,0,0,0,0,0,0,0,0,-28.6409,0,0
0,0,0,0,0,0,0,-42.2905,0,0,0,0,-40.0072,0,0,0,-42.9699,-54.7724,0,0,0,0,0,-42.3652,0,0,0,0,-23.6088,0,0,0,0,0,0,0,0,0,0,0,0,-53.5249,0,-43.2525,0,0,0,0,0,0,0,0,0,0,0,0,0,0,0,0,0,-29.4246,0,0
0,0,0,0,0,0,0,-41.2589,0,0,0,0,-40.5526,0,0,0,-41.7698,-53.8568,0,0,0,0,0,-43.3527,0,0,0,0,-24.3241,0,0,0,0,0,0,0,0,0,0,0,0,-52.6167,0,-42.2806,0,0,0,0,0,0,0,0,0,0,0,0,0,0,0,0,0,-30.2123,0,0
0,0,0,0,0,0,0,-40.226,0,0,0,0,-41.0975,0,0,0,-40.5697,-52.9412,0,0,0,0,0,-44.3374,0,0,0,0,-25.0463,0,0,0,0,0,0,0,0,0,0,0,0,-51.7087,0,-41.3086,0,0,0,0,0,0,0,0,0,0,0,0,0,0,0,0,0,-30.9993,0,0
0,0,0,0,0,0,0,-39.157,0,0,0,0,-41.6281,0,0,0,-39.3705,-52.0263,0,0,0,0,0,-45.2564,0,0,0,0,-26.1053,0,0,0,0,0,0,0,0,0,0,0,0,-50.8074,0,-40.3373,0,0,0,0,0,0,0,0,0,0,0,0,0,0,0,0,0,-31.7652,0,0
0,0,0,0,0,0,0,-38.0833,0,0,0,0,-42.1672,0,0,0,-38.169,-51.1103,0,0,0,0,0,-46.1779,0,0,0,0,-27.1606,0,0,0,0,0,0,0,0,0,0,0,0,-49.9065,0,-39.3632,0,0,0,0,0,0,0,0,0,0,0,0,0,0,0,0,0,-32.5323,0,0
0,0,0,0,0,0,0,-36.9952,0,0,0,0,-42.7352,0,0,0,-36.9595,-50.1904,0,0,0,0,0,-47.1073,0,0,0,0,-28.2026,0,0,0,0,0,0,0,0,0,0,0,0,-49.007,0,-38.3803,0,0,0,0,0,0,0,0,0,0,0,0,0,0,0,0,0,-33.3034,0,0
0,0,0,0,0,0,0,-35.9092,0,0,0,0,-43.3053,0,0,0,-35.7411,-49.2689,0,0,0,0,0,-48.0492,0,0,0,0,-29.2588,0,0,0,0,0,0,0,0,0,0,0,0,-48.101,0,-37.3905,0,0,0,0,0,0,0,0,0,0,0,0,0,0,0,0,0,-34.0693,0,0
0,0,0,0,0,0,0,-34.8264,0,0,0,0,-43.8782,0,0,0,-34.5092,-48.3446,0,0,0,0,0,-49.0096,0,0,0,0,-30.3354,0,0,0,0,0,0,0,0,0,0,0,0,-47.185,0,-36.3904,0,0,0,0,0,0,0,0,0,0,0,-23.4048,0,0,0,0,0,-34.8273,0,0
0,0,0,0,0,0,0,-33.9406,0,0,0,0,-44.4581,0,0,0,-33.4141,-47.4172,0,0,0,0,0,-49.9693,0,0,0,0,-31.4271,0,0,0,0,0,0,0,0,0,0,0,0,-46.269,0,-35.4776,0,0,0,0,0,0,0,0,0,0,0,-24.0662,0,0,0,0,0,-35.5881,0,0
0,0,0,0,0,0,0,-33.3824,0,0,0,0,-45.0472,0,0,0,-32.5425,-46.4847,0,0,0,0,0,-50.9278,0,0,0,0,-32.5436,0,0,0,0,0,0,0,0,0,0,0,0,-45.353,0,-34.7023,0,0,0,0,0,0,0,0,0,0,0,-24.7251,0,0,0,0,0,-36.3528,0,0
0,0,0,0,0,0,0,-32.8283,0,0,0,0,-45.6478,0,0,0,-31.7087,-45.5604,0,0,0,0,0,-51.8891,0,0,0,0,-33.6588,0,0,0,0,0,0,0,0,0,0,0,0,-44.4359,0,-33.9777,0,0,0,0,0,0,0,0,0,0,0,-25.3934,0,0,0,0,0,-37.1202,0,0
0,0,0,0,0,0,0,-32.2939,0,0,0,0,-46.274,0,0,0,-31.0822,-44.6789,0,0,0,0,0,-52.867,0,0,0,0,-34.766,0,0,0,0,0,0,0,0,0,0,0,0,-43.5117,0,-33.4494,0,0,0,0,0,0,0,0,0,0,0,-26.1236,0,0,0,0,0,-37.8963,0,0
0,0,0,0,0,0,0,-31.7624,0,0,0,0,-46.9,0,0,0,-30.4584,-43.7962,0,0,0,0,0,-53.8472,0,0,0,0,-35.8741,0,0,0,0,0,0,0,0,0,0,0,0,-42.5874,0,-32.9206,0,0,0,0,0,0,0,0,0,0,0,-26.8886,0,0,0,0,0,-38.6718,0,0
0,0,0,0,0,0,0,0,0,0,0,0,-47.524,0,0,0,0,-42.8927,0,0,0,0,0,-54.8385,0,0,0,0,-36.9926,0,0,0,0,0,0,0,0,0,0,0,0,-41.6621,0,-32.3853,0,0,0,0,0,0,0,0,0,0,0,-28.2275,0,0,0,0,0,-39.4389,0,0
0,0,0,0,0,0,0,0,0,0,0,0,-48.1454,0,0,0,0,-41.9866,0,0,0,0,0,-55.8293,0,0,0,0,-38.1081,0,0,0,0,0,0,0,0,0,0,0,0,-40.7356,0,0,0,0,0,0,0,0,0,0,0,0,0,-29.5669,0,0,0,0,0,-40.2065,0,0
0,0,0,0,0,0,0,0,0,0,0,0,-48.7274,0,0,0,0,-41.0386,0,0,0,0,0,0,0,0,0,0,-39.1694,0,0,0,0,0,0,0,0,0,0,0,0,-39.7932,0,0,0,0,0,0,0,0,0,0,0,0,0,-30.9151,0,0,0,0,0,-40.9797,0,0
0,0,0,-20.8293,0,0,0,0,0,0,0,0,-49.307,0,0,0,0,-40.0878,0,0,0,0,0,0,0,0,0,0,-40.2267,0,0,0,0,0,0,0,0,0,0,0,0,-38.8461,0,0,0,0,0,0,0,0,0,0,0,0,0,-32.2644,0,0,0,0,0,-41.7544,0,0
0,0,0,-21.2773,0,0,0,0,0,0,0,0,-49.8814,0,0,0,0,-39.1291,0,0,0,0,0,0,0,0,0,0,-41.2714,0,0,0,0,0,0,0,0,0,0,0,0,-37.8857,0,0,0,0,0,0,0,0,0,0,0,0,0,-33.6169,0,0,0,0,0,-42.5329,0,0
0,0,0,-21.7257,0,0,0,0,0,0,0,0,-50.4611,0,0,0,0,-38.2032,0,0,0,0,0,0,0,0,0,0,-42.3093,0,0,0,0,0,0,0,0,0,0,0,0,-36.9949,0,0,0,0,0,0,0,0,0,0,0,0,0,-34.9689,0,0,0,0,0,-43.311,0,0
0,0,0,-22.1745,0,0,0,0,0,0,0,0,-51.0453,0,0,0,0,-37.3227,0,0,0,0,0,0,0,0,0,0,-43.3375,0,0,0,0,0,0,0,0,0,0,0,0,-36.1953,0,0,0,0,0,0,0,0,0,0,0,0,0,-36.3203,0,0,0,0,0,-44.0884,0,0
0,0,0,-22.6541,0,0,0,0,0,0,0,0,-51.6337,0,0,0,0,-36.4931,0,0,0,0,0,0,0,-21.5375,0,0,-44.369,0,0,0,0,0,0,0,0,0,0,0,0,-35.437,0,0,0,0,0,0,0,0,0,0,0,0,0,-37.6728,0,0,0,0,0,-44.8689,0,0
0,0,0,-23.3597,0,0,0,0,0,0,0,0,-52.243,0,0,0,0,-36.0101,0,0,0,0,0,0,0,-22.0753,0,0,-45.4272,0,0,0,0,0,0,0,0,0,0,-21.9702,0,-34.9521,0,0,0,0,0,0,0,0,0,0,0,0,0,-39.0341,0,0,0,0,0,-45.6654,0,0
0,0,0,-24.1863,0,0,0,0,0,0,0,0,-52.8485,0,0,0,0,-35.5298,0,0,0,0,0,0,0,-22.6136,0,0,-46.5008,0,0,0,0,0,0,0,0,0,0,-22.8411,0,-34.4621,0,0,0,0,0,0,0,0,0,0,0,0,0,-40.3939,0,0,0,0,0,-46.4616,0,0
0,0,0,-25.3279,0,0,0,0,0,0,-59.4686,0,-53.4437,0,0,0,0,-35.0561,0,0,0,0,0,0,0,-23.1534,0,0,-47.6133,0,0,0,0,0,0,0,0,0,0,-23.7095,0,-33.9581,0,0,0,0,0,0,0,0,0,0,0,0,0,-41.7493,0,0,0,0,0,-47.2574,0,0
0,0,0,-26.4655,0,0,0,0,0,0,-58.3428,0,-54.0452,0,0,0,0,-34.5833,0,0,0,0,0,0,0,-23.6957,0,0,-48.7294,0,0,0,0,0,0,0,0,0,0,-24.584,0,-33.472,0,0,0,0,0,0,0,0,0,0,0,0,0,-43.1053,0,0,0,0,0,-48.0478,0,0
0,0,0,-27.5935,0,0,0,0,0,0,-57.22,0,-54.6616,0,0,0,0,-34.0833,0,0,0,0,0,0,0,-24.2437,0,0,-49.8532,0,0,0,0,0,0,0,0,0,0,-25.4727,0,0,0,0,0,0,0,0,0,0,0,0,0,0,0,-44.4625,0,0,0,0,0,-48.8256,0,0
0,0,0,-28.7394,0,0,0,0,0,0,-56.0996,0,-55.2685,0,0,0,0,0,0,0,0,0,0,0,0,-24.8007,0,0,-50.9777,0,0,0,0,0,0,0,0,0,0,-26.3552,0,0,0,0,0,0,0,0,0,0,0,0,0,0,0,-45.8091,0,0,0,0,0,-49.6034,0,0
0,0,0,-29.9173,0,0,0,0,0,0,-54.9832,0,-55.8586,0,0,0,0,0,0,0,0,0,0,0,0,-25.3728,0,0,-52.1033,0,0,0,0,0,0,0,0,0,0,-27.2267,0,0,0,0,0,0,0,0,0,0,0,0,0,0,0,-47.136,0,0,0,0,0,-50.3813,0,0
0,0,0,-31.0979,0,0,0,0,0,0,-53.8781,0,-56.4695,0,0,0,0,0,0,0,0,0,0,0,0,-25.9538,0,0,-53.2317,0,0,0,0,0,0,0,0,0,0,-28.0875,0,0,0,0,0,0,0,0,0,0,0,0,0,0,0,-48.4838,0,0,0,0,0,-51.1842,0,0
0,0,0,-32.2821,0,0,0,0,0,0,-52.7878,0,-57.1082,0,0,0,0,0,0,0,0,0,0,0,0,-26.5448,0,0,0,0,0,0,0,0,0,0,0,0,0,-28.9345,0,0,0,0,0,0,0,0,0,0,0,0,0,0,0,-49.859,0,0,0,0,0,-52.0205,0,0
0,0,0,-33.4642,0,0,0,0,0,0,-51.7173,0,0,0,0,0,0,0,0,0,0,0,0,0,0,-27.142,0,0,0,0,0,0,0,0,0,0,0,0,0,-29.7922,0,0,0,0,0,0,0,0,0,0,0,0,0,0,0,-51.2548,0,-59.5542,0,0,0,-52.8503,0,0
0,0,0,-34.6448,0,0,0,0,0,0,-50.6617,0,0,0,0,0,0,0,0,0,0,0,0,0,0,-27.7439,0,0,0,0,0,0,0,0,0,0,0,0,0,-30.6584,0,0,0,0,0,0,0,0,0,0,0,0,0,0,0,-52.6673,0,-58.416,0,0,0,-53.6751,0,0
0,0,0,-35.8215,0,0,0,0,0,0,-49.6005,0,0,0,0,0,0,0,0,0,0,0,0,0,0,-28.379,0,0,0,0,0,0,0,0,0,0,0,0,0,-31.5353,0,0,0,0,0,0,0,0,0,0,0,0,0,0,0,-54.0856,0,-57.3224,0,0,0,-54.5403,0,0
0,0,0,-36.9951,0,0,0,0,0,0,-48.5351,0,0,0,0,0,0,0,0,0,0,0,0,0,0,-29.0386,0,0,0,0,0,0,0,0,0,0,0,0,0,-32.4207,0,0,0,0,0,0,0,0,0,0,0,0,0,0,0,-55.5087,0,-56.2648,0,0,0,0,0,0
0,0,0,-38.1574,0,0,0,0,0,0,-47.4596,0,0,0,0,0,0,0,0,0,0,-59.3247,0,0,0,-30.0782,0,0,0,0,0,0,0,0,0,0,0,0,0,-33.2935,0,0,0,0,0,0,0,0,0,0,0,0,0,0,0,-56.9382,0,-55.1918,0,0,0,0,0,0
0,0,0,-39.3167,0,0,0,0,0,0,-46.3817,0,0,0,0,0,0,0,0,0,0,-58.1245,0,0,0,-31.2092,0,0,0,0,0,0,0,0,0,0,0,0,0,-34.1629,0,0,0,0,0,0,0,0,0,0,0,0,0,0,0,-58.3693,0,-54.1155,0,0,0,0,0,0
0,0,0,-40.4766,0,0,0,0,0,0,-45.2861,0,0,0,0,0,0,0,0,0,0,-56.9216,0,0,0,-32.3396,0,0,0,0,0,0,0,0,0,0,0,0,0,-35.0308,0,0,0,0,0,0,0,0,0,0,0,0,0,0,0,0,0,-53.0366,0,0,0,0,0,0
0,0,0,-41.6395,0,0,0,0,0,0,-44.102,0,0,0,0,0,0,0,0,0,0,-55.7025,0,0,0,-33.4656,0,0,0,0,0,0,0,0,0,0,0,0,0,-35.8883,0,0,0,0,0,0,0,0,0,0,0,-24.3496,0,0,0,0,0,-51.9433,0,0,0,0,0,0
0,0,0,-42.7993,0,0,0,0,0,0,-42.9172,0,0,0,0,0,0,0,0,0,0,-54.4829,0,0,0,-34.584,0,0,0,0,0,0,0,0,0,0,0,0,0,-36.6508,0,0,0,0,0,0,0,0,0,0,0,-25.3964,0,0,0,0,0,-50.8486,0,0,0,0,0,0
0,0,0,-43.9544,0,0,0,0,0,0,-41.7315,0,0,0,0,0,0,0,0,0,0,-53.2623,0,0,0,-35.6896,0,0,0,0,0,0,0,0,0,0,0,0,0,-37.2546,0,0,0,0,0,0,0,0,0,0,0,-26.4309,0,0,0,0,0,-49.7517,0,0,0,0,0,0
0,0,0,-45.1358,0,0,0,0,0,0,-40.5326,0,0,0,0,0,0,0,0,0,0,-52.0438,0,0,0,-36.8058,0,0,0,0,0,0,0,0,0,0,0,0,0,-37.5957,0,0,0,0,0,0,0,0,0,0,0,-27.4147,0,0,0,0,0,-48.6638,0,0,0,0,0,0
0,0,0,-46.3306,0,0,0,0,0,0,-39.3274,0,0,0,0,0,0,0,0,0,0,-50.8262,0,0,0,-37.9273,0,0,0,0,0,0,0,0,0,0,0,0,0,-37.7977,0,0,0,0,0,0,0,0,0,0,0,-28.3738,0,0,0,0,0,-47.5807,0,0,0,0,0,0
0,0,0,-47.5425,0,0,0,0,0,0,-38.1777,0,0,0,0,0,0,0,0,0,0,-49.6141,0,0,0,-39.0524,0,0,0,0,0,0,0,0,0,0,0,0,0,-38.0027,0,0,0,0,0,0,0,0,0,0,0,-29.3472,0,0,0,0,0,-46.502,0,0,0,0,0,0
0,0,0,-48.7646,0,0,0,0,0,0,-37.0603,0,0,0,0,0,0,0,0,0,0,-48.4052,0,0,0,-40.1798,0,0,0,0,0,0,0,0,0,0,0,0,0,-38.2095,0,0,0,0,0,0,0,0,0,0,0,-30.3291,0,0,0,0,0,-45.4261,0,0,0,0,0,0
0,0,0,-49.9863,0,0,0,0,0,0,-35.9639,0,0,0,0,0,0,0,0,0,0,-47.2024,0,0,0,-41.3061,0,0,0,0,0,0,0,0,0,0,0,0,0,-38.4157,0,0,0,0,0,0,0,0,0,0,0,-31.3117,0,0,0,0,0,-44.3458,0,0,0,0,0,0
0,0,0,-51.2039,0,0,0,0,0,-21.7582,-35.0531,0,0,0,0,0,0,0,0,0,0,-46.0494,0,0,0,-42.4224,0,0,0,0,0,0,0,0,0,0,0,0,0,-38.6154,0,0,0,0,0,0,0,0,0,0,0,-32.3017,0,0,0,0,0,-43.221,0,0,0,0,0,0
0,0,0,-52.4269,0,0,0,0,0,-22.1455,-34.2505,0,0,0,0,0,0,0,0,0,0,-44.8974,0,0,0,-43.5472,0,0,0,0,0,0,0,0,0,0,-59.4444,0,0,-38.8159,0,0,0,0,0,0,0,0,0,0,0,-33.2883,0,0,0,0,0,-42.0946,0,0,0,0,0,0
0,0,0,-53.6632,0,0,0,0,0,-22.5314,-33.6987,0,0,0,0,0,0,0,0,0,0,-43.748,0,0,0,-44.6912,0,0,0,0,0,0,0,0,0,0,-58.4119,0,0,0,-22.6025,0,0,0,0,0,0,0,0,0,0,-34.2668,0,0,0,0,0,-40.9647,0,0,0,0,0,0
0,0,0,0,0,0,0,0,0,-22.9277,-33.1508,0,0,0,0,0,0,0,0,0,0,-42.5942,0,0,0,-45.8935,0,0,0,0,0,0,0,0,0,0,-57.3704,0,0,0,-22.9817,0,0,0,0,0,0,0,0,0,0,-35.2456,0,0,0,0,0,-39.8341,0,0,0,0,0,0
0,0,0,0,0,0,0,0,0,-23.3396,-32.6088,0,0,0,0,0,0,0,0,0,0,-41.4337,0,0,0,-47.1814,0,0,0,0,0,0,0,0,0,0,-56.3156,0,0,0,-23.3596,0,0,0,0,0,0,0,0,0,0,-36.2249,0,0,0,0,0,-38.7027,0,0,0,0,0,0
0,0,0,0,0,0,0,0,0,-23.8818,0,-54.7564,0,0,0,0,0,0,0,0,0,-40.2697,0,0,0,-48.4667,0,0,0,0,0,0,0,0,0,0,-55.2633,0,0,0,-23.7351,0,0,0,0,0,0,0,0,0,0,-37.1891,0,0,0,0,0,-37.5704,0,0,0,0,0,0
0,0,0,0,0,0,0,0,0,-24.6188,0,-55.5476,0,0,0,0,0,0,0,0,0,-39.101,0,0,0,-49.748,0,0,0,0,0,0,0,0,0,0,-54.2146,0,0,0,-24.1071,0,0,0,0,0,0,0,0,0,0,-38.1314,0,0,0,0,0,-36.4366,0,0,0,0,0,0
0,0,0,0,0,0,0,0,0,-25.4982,0,-56.4668,0,0,0,0,0,0,0,0,0,-37.9258,0,0,0,0,0,0,0,0,0,0,0,0,0,0,-53.1645,0,0,0,-24.6122,0,0,0,0,0,0,0,0,0,0,-38.7794,0,0,0,0,0,-35.2939,0,0,0,0,0,0
0,0,0,0,0,0,0,0,0,-26.5179,0,-57.5141,0,0,0,0,0,0,0,0,0,-36.7442,0,0,0,0,0,0,0,0,0,0,0,0,0,0,-52.113,0,0,0,-25.243,0,0,0,0,0,0,0,0,0,0,-39.1442,0,0,0,0,0,-34.1429,0,0,0,0,0,0
0,0,0,0,0,0,0,0,0,-27.5545,0,-58.5066,0,0,0,0,0,0,0,0,0,-35.7309,0,0,0,0,0,0,0,0,0,0,0,0,0,0,-51.0655,0,0,0,-26.0971,0,0,0,0,0,0,0,-59.2308,0,0,-39.4118,0,0,0,0,0,-33.3182,0,0,0,0,0,0
0,0,0,0,0,0,0,0,0,-28.6038,0,-59.4564,0,0,0,0,0,0,0,0,0,-34.8437,0,0,0,0,0,0,0,0,0,0,0,0,0,0,-50.0211,0,0,0,-27.1187,0,0,0,0,0,0,0,-58.0314,0,0,-39.6051,0,0,0,0,0,-32.7284,0,0,0,0,0,0
0,0,0,0,0,0,0,0,0,-29.6579,0,0,0,0,0,0,0,0,0,0,0,-34.165,0,0,0,0,0,0,0,0,0,0,0,0,0,0,-48.9781,0,0,0,-28.1535,0,0,0,0,0,0,0,-56.8311,0,0,-39.7786,0,0,0,0,0,-32.224,0,0,0,0,0,0
0,0,0,0,0,0,0,0,0,-30.7148,0,0,0,0,0,0,0,0,0,0,0,-33.607,0,0,0,0,0,0,0,0,0,0,0,0,0,0,-47.936,0,0,0,-29.1955,0,0,0,0,0,0,0,-55.6301,0,0,-39.9401,0,0,0,0,0,-31.7716,0,0,0,0,0,0
0,0,0,0,0,0,0,0,0,-31.7757,0,0,0,0,0,0,0,0,0,0,0,0,0,0,0,0,0,0,0,0,0,0,0,0,0,0,-46.9231,0,0,0,-30.2389,0,0,0,0,0,0,0,-54.4295,0,0,-40.0894,0,0,0,0,0,-31.3205,0,0,0,0,0,0
0,0,0,0,0,0,0,0,0,-32.8389,0,0,0,0,0,0,0,0,0,0,0,0,0,0,0,0,0,0,0,0,0,0,0,0,0,0,-45.9247,0,0,0,-31.2829,0,0,0,0,0,0,0,-53.2292,0,0,-40.2326,0,0,0,0,0,0,0,0,0,0,0,0
0,0,0,0,0,0,0,0,0,-33.8814,0,0,0,0,0,0,0,0,0,0,0,0,-20.7838,0,0,0,0,0,0,0,0,0,0,0,0,0,-44.9332,0,0,0,-32.3337,0,0,0,0,0,0,0,-52.0292,0,0,0,0,0,0,0,0,0,0,0,0,0,0,0
0,0,0,0,0,0,0,0,0,-34.9121,0,0,0,0,0,0,0,0,0,0,0,0,-21.2365,0,0,0,0,0,0,0,0,0,0,0,0,0,-43.9457,0,0,0,-33.3883,0,0,0,0,0,0,0,-50.8292,0,0,0,0,0,0,0,0,0,0,0,0,0,0,0
0,0,0,0,0,0,0,0,0,-35.9388,0,0,0,0,0,0,0,0,0,0,0,0,-21.7476,0,0,0,0,0,0,0,0,0,0,0,0,0,-42.9372,0,0,0,-34.4389,0,0,0,0,0,0,0,-49.6269,0,0,0,0,0,0,0,0,0,0,0,0,0,0,0
0,0,0,0,0,0,0,0,0,-36.9629,0,0,0,0,0,0,0,0,0,0,0,0,-22.2937,0,0,0,0,0,0,0,0,0,0,0,0,0,-41.9148,0,0,0,-35.487,0,0,0,0,0,0,0,-48.4229,0,0,0,0,0,0,0,0,0,0,0,0,0,0,0
0,0,0,0,0,0,0,0,0,-37.9839,0,0,0,0,0,0,0,0,0,0,0,0,-22.8611,0,0,0,0,0,0,0,0,0,0,0,0,0,-40.8933,0,0,0,-36.5358,0,0,0,0,0,0,0,-47.2179,0,0,0,0,0,0,0,0,0,0,0,0,0,0,0
0,0,0,0,0,0,0,0,0,-38.9775,0,0,0,0,0,0,0,0,0,0,0,0,-23.6463,0,0,0,0,0,0,0,0,0,0,0,0,0,-39.8796,0,0,0,-37.5926,0,0,0,0,0,0,0,-46.0017,0,0,0,0,0,0,0,0,0,0,0,0,0,0,0
0,0,0,0,0,0,0,0,0,-39.9715,0,0,0,0,0,0,0,0,0,0,0,0,-24.2498,0,0,0,0,0,0,0,0,0,0,0,0,0,-38.8719,0,0,0,-38.6496,0,0,0,0,0,0,0,-44.7848,0,0,0,0,0,0,0,0,0,0,0,0,0,0,0
0,0,0,0,0,0,0,0,0,-40.9663,0,0,0,0,0,0,0,0,0,0,0,0,-24.319,0,0,0,0,0,0,0,0,0,0,0,0,0,-37.8805,0,0,0,-39.7069,0,0,0,0,0,0,0,-43.5657,0,0,0,0,0,0,0,0,0,0,0,0,0,0,0
0,0,0,0,0,0,0,0,0,-41.9608,0,0,0,0,0,0,0,0,0,0,0,0,-24.2987,0,0,0,0,0,0,0,0,0,0,0,0,0,-36.9828,0,0,0,-40.7614,0,0,0,0,0,0,0,-42.3461,0,0,0,0,0,0,0,0,0,0,0,0,0,0,0
0,0,0,0,0,0,0,0,0,-42.9542,0,0,0,0,0,0,0,0,0,0,0,0,-24.091,0,0,0,0,0,0,0,0,0,0,0,0,0,-36.2976,0,0,0,-41.8101,0,0,0,0,0,0,0,-41.1252,0,0,0,0,0,0,0,0,0,0,0,0,0,0,0
0,0,0,0,0,0,0,0,0,-43.9634,0,0,0,0,0,0,0,0,0,0,0,0,-23.8878,0,0,0,0,0,0,0,0,0,0,0,0,0,-35.6887,0,0,0,-42.8531,0,0,0,0,0,0,0,-39.9046,0,0,0,0,0,0,0,0,0,0,0,0,0,0,0
0,0,0,0,0,0,0,0,0,-44.9992,0,0,0,0,0,0,0,0,0,0,0,0,-23.6928,0,0,0,0,0,0,0,0,0,0,0,0,0,-35.2247,0,0,0,-43.8854,0,0,0,0,0,0,0,-38.6844,0,0,0,0,0,0,0,0,0,0,0,0,0,0,0
0,0,0,0,0,0,0,0,0,-46.0443,0,0,0,0,0,0,0,0,0,0,0,0,-23.4984,0,0,0,0,0,0,0,0,0,0,0,0,0,-34.7609,0,0,0,-44.9204,0,0,0,0,0,0,0,-37.463,0,0,0,0,0,0,0,0,0,0,0,0,0,0,0
0,0,0,0,0,0,0,0,0,-47.1002,0,0,0,0,0,0,0,0,0,0,0,0,-23.305,0,0,0,0,0,0,0,0,0,0,0,0,0,-34.2975,0,0,0,-45.9593,0,0,0,0,0,0,0,-36.24,0,0,0,0,0,0,0,0,0,0,0,0,0,0,0
0,0,0,0,0,0,0,0,0,-48.164,0,0,0,0,0,0,0,0,0,0,0,0,-23.1174,0,0,0,0,0,0,0,0,0,0,0,0,0,0,0,0,0,-46.9996,0,-59.1529,0,0,0,0,0,-35.0166,0,0,0,0,0,0,0,0,0,0,0,0,0,0,0
0,0,0,0,0,0,0,0,0,-49.2366,0,0,0,0,0,0,0,0,0,0,0,0,-22.9357,0,0,0,0,0,0,0,0,0,0,0,0,0,0,0,0,0,-48.0416,0,-57.3193,0,0,0,0,0,-33.7925,0,0,0,0,0,0,0,0,0,0,0,0,0,0,0
0,0,0,0,0,0,0,0,0,-50.3003,0,0,0,0,0,0,0,0,0,0,0,0,-22.7528,0,0,0,0,0,0,0,0,0,0,0,0,0,0,0,0,0,-49.086,0,-55.4847,0,0,0,0,0,-32.7692,0,0,0,0,0,0,0,0,0,0,0,0,0,0,0
0,0,0,0,0,0,0,0,0,-51.3538,0,0,0,0,0,0,0,0,0,0,0,0,-22.5686,0,0,0,0,0,0,0,0,0,0,0,0,0,0,0,0,0,-50.1329,0,-53.649,0,0,0,0,0,-31.9774,0,0,0,0,0,0,0,0,0,0,0,0,0,0,0
0,0,0,0,0,0,0,0,0,-52.416,0,0,0,0,0,0,0,0,0,0,0,0,-22.3786,0,0,0,0,0,0,0,0,0,0,0,0,0,0,0,0,0,-51.1891,0,-51.8274,0,0,0,0,0,-31.1914,0,0,0,0,0,0,0,0,0,0,0,0,0,0,0
0,0,0,0,0,0,0,0,0,-53.4839,0,0,0,0,0,0,0,0,0,0,0,0,-22.1847,0,0,0,0,0,0,0,0,0,0,0,0,0,0,0,0,0,-52.2521,0,-50.016,0,0,0,0,0,-30.4094,0,0,0,0,0,0,0,0,0,0,0,0,0,0,0
0,0,0,0,0,0,0,0,0,-54.5359,0,0,0,0,0,0,0,0,0,0,0,0,-21.988,0,0,0,0,0,0,0,0,0,0,0,0,0,0,0,0,0,-53.3243,0,-48.2065,0,0,0,0,0,-29.6278,0,0,0,0,0,0,0,0,0,0,0,0,0,0,0
0,0,0,0,0,0,0,0,0,0,0,0,0,0,0,0,0,0,0,0,0,0,-21.7898,0,0,0,0,0,0,0,0,0,0,0,0,0,0,0,0,0,-54.4017,0,-46.3982,0,0,0,0,0,0,0,0,0,0,0,0,0,0,0,0,0,0,0,0,0
0,0,0,0,0,0,0,0,0,0,0,0,0,0,0,0,0,0,0,0,0,0,-21.5914,0,0,0,0,0,0,0,0,0,0,0,0,0,0,0,0,0,-55.4812,0,-44.5815,0,0,-59.8755,0,0,0,0,0,0,0,0,0,0,0,0,0,0,0,0,0,0
0,0,0,0,0,0,0,0,0,0,0,0,0,0,0,0,0,0,0,0,0,0,-21.3928,0,0,0,0,0,0,0,0,0,0,0,0,0,0,0,0,0,0,0,-42.7613,0,0,-59.2961,0,0,0,0,0,0,0,0,0,0,0,0,0,0,0,0,0,0
0,0,0,0,0,0,0,0,0,0,0,0,0,0,0,0,0,0,0,0,0,0,-21.194,0,0,0,0,0,0,0,0,0,0,0,0,0,0,0,0,0,0,0,-40.935,0,0,-58.7352,-59.5876,0,0,0,0,0,0,0,0,0,0,0,0,0,0,0,0,0
0,0,0,0,0,0,0,0,0,0,0,0,0,0,0,0,0,0,0,0,0,0,-20.9949,0,0,0,0,0,0,0,0,0,0,0,0,0,0,0,0,0,0,0,-39.099,0,0,-58.2039,-57.8757,0,0,0,0,0,0,0,0,0,0,0,0,0,0,0,0,0
0,0,0,0,0,0,0,0,0,0,0,0,0,0,0,0,0,0,0,0,0,0,-20.7956,0,0,0,0,0,0,0,0,0,0,0,0,0,0,0,0,0,0,0,-37.2616,0,0,-57.6723,-56.1639,0,0,0,0,0,0,0,0,0,0,0,0,0,0,0,0,0
0,0,0,0,0,0,0,0,0,0,0,0,0,0,0,0,0,0,0,0,0,0,-20.594,0,0,0,0,0,0,0,0,0,0,0,0,0,0,0,0,0,0,0,-35.3938,0,0,-57.1335,-54.4582,0,0,0,0,0,0,0,0,0,0,0,0,0,0,0,0,0
0,0,0,0,0,0,0,0,0,0,0,0,0,0,0,0,0,0,0,0,0,0,-20.4656,0,0,0,0,0,0,0,0,0,0,0,0,0,0,0,0,0,0,0,-33.5289,0,0,-56.5917,-52.758,0,0,0,0,0,0,0,0,0,0,0,0,0,0,0,0,0
0,0,0,0,0,0,0,0,0,0,0,0,0,0,0,0,0,0,0,0,0,0,-20.6609,0,0,0,0,0,0,0,0,0,0,0,0,0,0,0,0,0,0,0,-31.6749,0,0,0,-51.0814,0,0,0,0,0,0,0,0,0,0,0,0,0,0,0,0,0
0,0,0,0,0,0,0,0,0,0,0,0,0,0,0,0,0,0,0,0,0,0,-21.3595,0,0,0,0,0,0,0,0,0,0,0,0,0,0,0,0,0,0,0,-29.7783,0,0,0,-49.4085,0,0,0,0,0,0,0,0,0,0,0,0,0,0,0,0,0
0,0,0,0,0,0,0,0,0,0,0,0,0,0,0,0,0,0,0,0,0,0,-23.1138,0,0,0,0,0,0,0,0,0,0,0,0,0,0,0,0,0,0,0,0,0,0,0,-47.7441,0,0,0,0,0,0,0,0,0,0,0,0,0,0,0,0,0
0,0,0,0,0,0,0,0,0,0,0,0,0,0,0,0,0,0,0,0,0,0,-24.9008,0,0,0,0,0,0,0,0,0,0,0,0,0,0,0,0,0,0,0,0,0,0,0,-46.0916,0,0,0,0,0,0,0,0,0,0,0,0,0,0,0,0,0
0,0,0,0,0,0,0,0,0,0,0,0,0,0,0,0,0,0,0,0,0,0,-26.7584,0,0,0,0,0,0,0,0,0,0,0,0,0,0,0,0,0,0,0,0,0,0,0,-44.4652,0,0,0,0,0,0,0,0,0,0,0,0,0,0,0,0,0
0,0,0,0,0,0,0,0,0,0,0,0,0,0,0,0,0,0,0,0,0,0,-28.4218,0,0,0,0,0,0,0,0,0,0,0,0,0,0,0,0,0,0,0,0,0,0,0,-42.8471,0,0,0,0,0,0,0,0,0,0,0,0,0,0,0,0,0
0,0,0,0,0,0,0,0,0,0,0,0,0,0,0,0,0,0,0,0,0,0,0,0,0,0,0,0,0,0,0,0,0,0,0,0,0,0,0,0,0,0,0,0,0,0,-41.2376,0,0,0,0,0,0,0,0,0,0,0,0,0,0,0,0,0
0,-22.4131,0,0,0,0,0,0,0,0,0,0,0,0,0,0,0,0,0,0,0,0,0,0,0,0,0,0,0,0,0,0,0,0,0,0,0,0,0,0,0,0,0,0,0,0,-39.6198,0,0,0,0,0,0,0,0,0,0,0,0,0,0,0,0,0
0,-22.8205,0,0,0,0,0,0,0,0,0,0,0,0,0,0,0,0,0,0,0,0,0,0,0,0,0,0,0,0,0,0,0,0,0,0,0,0,0,0,0,0,0,0,0,0,-37.9983,0,0,0,0,0,-59.5118,0,0,0,0,0,0,0,-43.3277,0,0,0
0,-23.2243,0,0,0,0,0,0,0,0,0,0,0,0,0,0,0,0,0,0,0,0,0,0,0,0,0,0,0,0,0,0,0,0,0,0,0,0,0,0,0,0,0,0,0,0,-36.6234,0,0,0,0,0,-58.4913,0,0,0,0,0,0,-21.7451,-43.7875,0,0,0
0,-23.6255,0,0,0,0,0,0,0,0,0,0,0,0,0,0,0,0,0,0,0,0,0,0,0,0,0,0,0,0,0,0,0,0,0,0,0,0,0,0,0,0,0,0,0,0,-35.4462,0,0,0,0,0,-57.4738,0,0,0,0,0,0,-22.3468,-44.2512,0,0,0
0,-24.0333,-22.5594,0,0,0,0,0,0,0,0,0,0,0,-26.1152,0,0,0,0,-28.4446,0,0,0,0,0,0,0,0,0,0,0,0,0,0,0,0,0,0,0,0,0,0,0,0,0,0,-34.2951,-59.405,0,0,0,0,-56.4563,0,0,0,0,0,0,-22.955,-44.716,0,0,0
0,-24.6001,-22.9601,0,0,0,0,0,0,0,0,0,0,0,-26.9445,0,0,0,0,-28.9774,0,0,0,0,0,0,0,0,0,0,0,0,0,0,0,0,0,0,0,0,0,0,0,0,0,0,-33.587,-58.6273,0,0,0,0,-55.4407,0,0,0,0,0,0,-23.6852,-45.1997,0,0,0
0,-25.2365,-23.3963,0,0,0,0,0,0,0,0,0,0,0,-27.8053,0,0,0,0,-29.5152,0,0,0,0,0,0,0,0,0,0,0,0,0,0,0,0,0,0,0,0,0,0,0,0,0,0,-32.8825,-57.8505,0,0,0,0,-54.4342,0,0,0,0,0,0,-24.6248,-45.6825,0,0,0
0,-26.0604,-23.9403,0,0,0,0,0,0,0,0,0,0,0,-28.6621,0,0,0,0,-30.0643,0,0,0,0,0,0,0,0,0,0,0,0,0,0,0,0,0,0,0,0,0,0,0,0,0,0,0,-57.0765,0,0,0,0,-53.4508,0,0,0,0,0,0,-26.1822,-46.1625,0,0,0
0,-26.94,-24.4997,0,0,0,0,0,0,0,0,0,0,0,-29.5072,0,0,0,0,-30.6159,0,0,0,0,0,0,0,0,0,0,0,0,0,0,0,0,0,0,0,0,0,0,0,0,0,0,0,-56.2997,0,0,0,0,-52.4738,0,0,0,0,0,0,-27.6412,-46.6469,0,0,0
0,-27.9141,-25.0881,0,0,0,0,0,0,0,0,0,0,0,-30.3436,0,0,0,0,-31.1717,0,0,0,0,0,0,0,0,0,0,0,0,0,0,0,0,0,0,0,0,0,0,0,0,0,0,0,-55.5177,0,0,0,0,-51.5073,0,0,0,0,0,0,-28.9226,-47.1389,0,0,0
0,-28.8903,-25.6805,0,0,0,-23.1461,0,0,0,0,0,0,0,-31.164,0,0,0,0,-31.7214,0,0,0,0,0,0,0,0,0,0,0,0,0,0,0,0,0,0,0,0,0,0,0,0,0,0,0,-54.7462,0,0,0,0,-50.5428,0,0,0,0,0,0,-29.6745,-47.5086,0,0,0
0,-29.8693,-26.2777,0,0,0,-23.5031,0,0,0,0,0,0,0,-31.9707,0,0,0,0,-32.2633,0,0,0,0,0,0,0,0,0,0,0,0,0,0,0,0,0,0,0,0,0,0,0,0,0,0,0,-53.9885,0,0,0,0,-49.5809,0,0,0,0,0,0,-29.7353,-47.7306,0,0,0
0,-30.6613,-26.9403,0,0,0,-24.0444,0,0,0,0,0,0,0,-32.7595,0,0,0,0,-32.7954,0,0,0,0,0,0,0,0,0,0,0,0,0,0,0,0,0,0,0,0,0,0,0,0,0,0,0,-53.2291,0,0,0,0,-48.6573,0,0,0,0,0,0,-29.8372,-47.2162,0,0,0
0,-31.2908,-27.6569,0,0,0,-24.746,0,0,0,0,0,0,0,-33.5354,0,0,0,0,-33.3189,0,0,0,0,0,0,0,0,0,0,0,0,0,0,0,0,0,0,0,0,0,0,0,0,0,0,0,-52.4683,0,0,0,0,-47.7649,0,0,0,0,0,0,-29.9754,-46.1217,0,0,0
0,-31.8382,-28.422,0,0,0,-25.4624,0,0,0,0,0,0,0,-34.2999,0,0,0,0,-33.8447,0,0,0,0,0,0,0,0,0,0,0,0,0,0,-24.1278,0,0,0,0,0,0,0,0,0,0,0,0,-51.7134,0,0,0,0,-46.8777,0,0,0,0,0,0,-30.1085,-45.0261,0,0,0
0,-32.3394,-29.2137,0,0,0,-26.1873,0,0,0,0,0,0,0,-35.0219,0,0,0,0,-34.3718,0,0,0,0,0,0,0,0,0,0,0,0,0,0,-25,0,0,0,0,0,0,0,0,0,0,0,0,-50.9618,0,0,0,0,-45.9932,0,0,0,0,0,0,-30.2386,-43.9298,0,0,0
0,-32.863,-29.8243,0,0,0,-26.9084,0,0,0,0,0,0,0,-35.719,0,0,0,0,-34.9066,0,0,0,0,0,0,0,0,0,0,0,0,0,0,-25.9944,0,0,0,0,0,0,0,0,0,0,0,0,-50.2122,0,0,0,0,-45.0298,0,0,0,0,0,0,-30.4122,-42.8676,0,0,0
0,-33.3946,-30.3657,0,0,0,-27.6277,0,0,0,0,0,0,0,-36.4209,0,0,0,0,-35.4442,0,0,0,0,0,0,0,0,0,0,0,0,0,0,-27.0355,0,0,0,0,0,0,0,0,0,0,0,0,-49.4633,0,0,0,0,-44.0394,0,0,0,0,0,-59.7431,-30.6051,-41.8206,0,0,0
0,-34.1205,-30.8966,0,0,0,-28.164,0,0,0,0,0,0,0,-37.1249,0,0,0,0,-35.9753,0,0,0,0,0,0,0,0,0,0,0,0,0,0,-28.6048,0,0,0,0,0,0,0,0,0,0,0,0,-48.7107,0,0,0,0,-43.0315,0,0,0,0,0,-59.0296,-30.7123,-40.7334,0,0,0
0,-34.9432,-31.4222,0,0,0,-28.612,0,0,0,0,0,0,0,-37.7788,0,0,0,0,-36.5038,0,0,0,0,0,0,0,0,0,0,0,0,0,0,-30.4413,0,0,0,0,0,0,0,0,0,0,0,0,-47.9563,0,0,0,0,-42.0153,0,0,0,0,0,-58.3149,-30.777,-39.6281,0,0,0
0,-36.0458,-31.9552,0,0,0,-28.9436,0,0,0,0,0,0,0,-38.4086,0,0,0,0,-37.0247,-12.34,0,0,0,0,0,0,0,0,0,0,0,0,0,-32.2781,0,0,0,0,0,0,0,0,0,0,0,0,-47.1998,0,0,0,0,-40.9911,0,0,0,0,0,-57.5964,-30.7078,-38.5192,0,0,0
0,-37.3061,-32.4922,0,0,0,-29.2096,0,0,0,0,0,0,0,-38.0396,0,0,0,0,-37.5412,-12.6596,0,0,0,0,0,0,0,0,0,0,0,0,0,-34.115,0,0,0,0,0,0,0,0,0,0,0,0,-46.4422,0,0,0,0,-39.9623,0,0,0,0,0,-56.876,0,-37.4084,0,0,0
0,-38.5675,-33.0274,0,0,0,-29.4722,0,0,0,0,0,0,0,-37.1337,0,0,0,0,-38.0568,-12.9787,0,0,0,0,0,0,0,0,0,0,0,0,0,-35.9565,0,0,-18.2889,0,0,0,0,0,0,0,0,0,-45.6834,0,-23.6075,0,0,-38.9375,0,0,0,0,0,-56.1562,0,-36.2972,0,0,0
0,-39.8348,-33.5497,0,0,0,-29.7127,0,0,0,0,0,0,0,-36.2104,0,0,0,0,-38.5664,-13.2941,0,0,0,0,0,0,-59.0923,0,0,0,0,0,0,-37.8302,0,0,-18.3971,0,0,0,0,0,0,0,0,0,-44.9164,0,-23.9244,0,0,-37.9366,0,0,0,0,0,-55.4409,0,-35.1833,0,0,0
0,-41.1014,-34.0735,0,0,0,-29.9497,0,0,0,0,0,0,0,-35.1906,0,0,0,0,-38.9873,-13.6095,0,0,0,0,0,0,-58.01,0,0,0,0,0,0,-39.7045,0,0,-18.5036,0,0,0,0,0,0,0,0,0,-44.1483,0,-24.2517,0,0,-37.0143,0,0,0,0,0,-54.7294,0,-34.068,0,0,0
0,-42.3667,-34.6007,0,0,0,-30.1784,0,0,0,0,0,0,0,-34.2009,0,0,0,0,-39.2109,-13.9248,0,0,0,0,0,0,-56.8939,0,0,0,0,0,0,-41.5803,0,0,-18.6059,0,0,0,0,0,0,0,0,0,-43.3776,0,-24.6034,0,0,-36.2669,0,-59.3813,0,0,0,-54.027,0,-32.9492,0,0,0
0,-43.6296,-35.1261,0,0,0,-30.3907,0,0,0,0,0,0,0,-33.2865,0,0,0,0,-39.1382,-14.2393,0,0,0,0,0,0,-55.7845,0,0,0,0,0,0,-43.4523,0,0,-18.7006,0,0,0,0,0,0,0,0,0,-42.6014,0,-24.9927,0,0,-35.5752,0,-58.596,0,0,0,-53.3284,0,-31.8827,0,0,0
0,-44.8874,0,0,0,0,-30.5612,0,0,0,0,0,0,-22.6235,-32.4783,0,0,0,0,-38.4081,-14.5519,0,0,0,0,0,0,-54.6907,0,0,0,0,0,0,-45.3147,0,0,-18.7767,0,0,0,0,0,0,0,0,0,-41.8107,0,-25.4796,0,0,-35.0244,0,-57.8062,0,0,0,-52.639,0,-30.9466,0,0,0
0,-46.132,0,0,0,0,-30.7381,0,0,0,0,0,0,-23.0277,-31.934,0,0,0,0,-37.5635,-14.8641,0,0,0,0,0,0,-53.6079,0,0,0,-58.686,0,0,-47.1872,0,0,-18.8677,0,0,0,0,0,0,0,0,0,-41.0176,0,-26.0165,0,0,-34.4879,0,-57.0166,0,0,0,-51.9481,0,-30.0621,0,0,0
0,-47.3599,0,0,0,0,-30.9239,0,0,0,0,0,0,-23.4308,-31.3844,0,0,0,0,-36.5726,-15.1756,0,0,0,0,0,0,-52.5393,0,0,0,-57.1974,0,0,-49.0732,0,0,-18.9785,0,0,0,0,0,0,0,0,0,-40.2208,0,-26.6201,0,0,0,0,-56.2272,0,0,0,-51.2552,0,-29.2486,0,0,0
0,-48.5923,0,0,0,0,-31.1127,0,0,0,0,0,0,-23.8325,-30.8276,0,0,0,-13.6646,-35.6801,-15.4786,0,0,0,0,0,0,-51.4779,0,0,0,-55.7156,0,0,-50.9599,0,0,-19.0908,0,0,0,0,0,0,0,0,0,-39.4199,0,-27.4232,0,0,0,0,-55.4438,0,0,0,-50.6959,0,-28.4426,0,0,0
0,-49.8281,0,0,0,0,0,0,0,0,0,0,0,-24.3909,0,0,0,0,-14.0802,-34.8708,-15.7744,0,0,0,0,0,0,-50.4225,0,0,0,-54.2393,0,0,-52.8471,0,0,-19.2044,0,0,0,0,0,0,0,0,0,-38.6157,0,-28.3801,0,0,0,0,-54.6652,0,0,0,-50.2434,0,-27.6424,0,0,0
0,0,0,0,0,0,0,0,0,0,0,0,0,-25.0702,0,0,0,0,-14.4908,0,0,0,0,0,0,0,0,0,0,0,0,0,0,0,0,0,0,0,0,0,0,0,0,0,0,0,0,0,0,0,0,0,0,0,0,0,0,0,0,0,0,0,0,0
